"","iDAD.position","U234_U238","U234_U238_2SE","iDAD.position.1","Th230_U238","Th230_U238_2SE","U_ppm","U_ppm_2SE"
"1",-0.14259259,1.3688868,0.00244,-0.14259259,0.6985997,0.00648,32,1.6
"2",0.16481481,1.3700833,0.00236,0.16481481,0.73276961,0.00847,41.1,2.055
"3",0.31851852,1.363741,0.00215,0.31851852,0.67212635,0.00632,35.8,1.79
"4",0.47222221,1.3621253,0.00252,0.47222221,0.6356495,0.00648,27.6,1.38
"5",0.6259259,1.3650908,0.00292,0.6259259,0.64067662,0.00624,31,1.55
"6",0.77962965,1.3738822,0.00273,0.77962965,0.71179849,0.00529,27.9,1.395
